{"entities":{"pages":{"introduction-to-typescript":{"id":"introduction-to-typescript","title":"Introduction to TypeScript","url":"introduction-to-typescript.html","level":0,"pages":["Dynamic-vs-Static-Typing","JavaScript-vs-TypeScript","Why-We-Need-TypeScript","TypeScript-Setup"],"tabIndex":0},"Dynamic-vs-Static-Typing":{"id":"Dynamic-vs-Static-Typing","title":"Dynamic vs. Static Typing","url":"dynamic-vs-static-typing.html","level":1,"parentId":"introduction-to-typescript","tabIndex":0},"JavaScript-vs-TypeScript":{"id":"JavaScript-vs-TypeScript","title":"JavaScript vs TypeScript","url":"javascript-vs-typescript.html","level":1,"parentId":"introduction-to-typescript","tabIndex":1},"Why-We-Need-TypeScript":{"id":"Why-We-Need-TypeScript","title":"Why We Need TypeScript","url":"why-we-need-typescript.html","level":1,"parentId":"introduction-to-typescript","tabIndex":2},"TypeScript-Setup":{"id":"TypeScript-Setup","title":"TypeScript Setup","url":"typescript-setup.html","level":1,"parentId":"introduction-to-typescript","tabIndex":3},"TypeScript-Types":{"id":"TypeScript-Types","title":"TypeScript Types","url":"typescript-types.html","level":0,"pages":["Primitive-Types","Top-Types","Bottom-Types","Object-Types","Type-Inference","Type-Assertion"],"tabIndex":1},"Primitive-Types":{"id":"Primitive-Types","title":"Primitive Types","url":"primitive-types.html","level":1,"parentId":"TypeScript-Types","tabIndex":0},"Top-Types":{"id":"Top-Types","title":"Top Types","url":"top-types.html","level":1,"parentId":"TypeScript-Types","tabIndex":1},"Bottom-Types":{"id":"Bottom-Types","title":"Bottom Types","url":"bottom-types.html","level":1,"parentId":"TypeScript-Types","tabIndex":2},"Object-Types":{"id":"Object-Types","title":"Object Types","url":"object-types.html","level":1,"parentId":"TypeScript-Types","tabIndex":3},"Type-Inference":{"id":"Type-Inference","title":"Type Inference","url":"type-inference.html","level":1,"parentId":"TypeScript-Types","tabIndex":4},"Type-Assertion":{"id":"Type-Assertion","title":"Type Assertion","url":"type-assertion.html","level":1,"parentId":"TypeScript-Types","tabIndex":5},"Combining-Types":{"id":"Combining-Types","title":"Combining Types","url":"combining-types.html","level":0,"tabIndex":2},"Literal-Types":{"id":"Literal-Types","title":"Literal Types","url":"literal-types.html","level":0,"tabIndex":3},"Typing-Functions":{"id":"Typing-Functions","title":"Typing Functions","url":"typing-functions.html","level":0,"tabIndex":4},"Type-Guards-Narrowing":{"id":"Type-Guards-Narrowing","title":"Type Guards/Narrowing","url":"type-guards-narrowing.html","level":0,"tabIndex":5},"Classes":{"id":"Classes","title":"Classes","url":"classes.html","level":0,"tabIndex":6},"Generics":{"id":"Generics","title":"Generics","url":"generics.html","level":0,"tabIndex":7},"Utility-Types":{"id":"Utility-Types","title":"Utility Types","url":"utility-types.html","level":0,"tabIndex":8}}},"topLevelIds":["introduction-to-typescript","TypeScript-Types","Combining-Types","Literal-Types","Typing-Functions","Type-Guards-Narrowing","Classes","Generics","Utility-Types"]}